moosh,out,n
at_the_end_of,the,901
i_do_not_want,to,419
in_the_middle_of,the,417
for_the_first_time,in,380
by_the_end_of,the,311
the_end_of_the,day,291
i_am_not_going,to,282
for_the_rest_of,the,240
you_do_not_have,to,239
i_do_not_know,what,226
i_do_not_know,if,225
there_are_a_lot,of,219
the_other_side_of,the,216
is_one_of_the,most,215
i_did_not_want,to,204
at_the_top_of,the,197
for_the_first_time,since,196
on_the_other_side,of,195
the_end_of_the,year,193
i_do_not_think,i,183
i_can_not_wait,to,182
if_you_would_like,to,180
i_am_looking_forward,to,174
i_do_not_know,how,168
at_the_time_of,the,163
you_do_not_want,to,160
will_not_be_able,to,153
at_the_bottom_of,the,150
to_be_a_part,of,150
for_those_of_you,who,149
is_going_to_be,a,146
and_the_rest_of,the,145
i_am_going_to,be,145
i_do_not_think,it,144
i_do_not_have,to,143
if_you_do_not,have,143
i_thought_it_would,be,141
at_the_beginning_of,the,133
has_nothing_to_do,with,129
do_not_want_to,be,128
the_rest_of_the,world,128
this_is_one_of,the,128
in_the_middle_of,a,124
are_going_to_have,to,123
but_at_the_same,time,122
on_both_sides_of,the,121
as_a_result_of,the,117
we_are_going_to,have,117
at_the_start_of,the,116
in_the_bottom_of,the,116
i_do_not_have,a,113
a_couple_of_weeks,ago,112
to_be_one_of,the,112
when_it_comes_to,the,112
could_not_be_reached,for,111
the_dow_jones_industrial,average,110
we_are_not_going,to,108
if_you_are_looking,for,107
in_the_back_of,the,107
not_be_reached_for,comment,107
have_not_been_able,to,106
incorporated_in_item_c,above,106
in_the_s_and,s,105
but_i_do_not,think,103
i_do_not_know,why,103
a_couple_of_years,ago,102
the_middle_of_the,night,102
at_the_same_time,i,101
if_you_are_going,to,101
we_are_going_to,be,101
it_going_to_be,a,100
the_end_of_the,month,99
all_you_have_to,do,98
in_the_united_states,and,97
i_feel_like_i,am,96
this_is_going_to,be,96
to_find_a_way,to,96
g_protein_g_carbohydrate,g,95
had_nothing_to_do,with,95
i_am_going_to,have,95
the_end_of_the,season,95
to_figure_out_how,to,95
it_was_the_first,time,94
in_item_c_above,pp,93
can_not_wait_to,see,92
turned_out_to_be,a,92
you_have_to_do,is,92
do_not_get_me,wrong,91
it_was_going_to,be,91
there_is_a_lot,of,91
and_at_the_same,time,90
i_will_be_able,to,90
i_am_not_sure,if,89
i_have_been_trying,to,89
to_the_top_of,the,89
going_to_be_able,to,88
i_have_a_lot,of,88
you_will_be_able,to,88
at_the_same_time,the,87
is_one_of_the,best,87
to_come_up_with,a,87
in_the_wake_of,the,86
one_of_the_things,that,85
would_not_be_able,to,84
all_the_way_to,the,83
in_the_center_of,the,83
this_is_the_first,time,83
we_do_not_want,to,83
do_not_know_how,to,80
every_once_in_a,while,80
to_get_out_of,the,80
did_not_want_to,be,79
i_do_not_think,that,79
rock_and_roll_hall,of,78
so_i_thought_i,would,78
with_the_rest_of,the,78
a_year_and_a,half,77
and_i_am_going,to,77
in_the_form_of,a,77
on_the_side_of,the,77
you_are_not_going,to,77
at_the_end_of,this,76
it_was_one_of,the,76
said_in_a_statement,that,76
when_i_was_a,kid,76
you_do_not_have,a,76
i_am_going_to,try,75
if_you_are_interested,in,75
the_th_anniversary_of,the,75
there_was_a_lot,of,75
was_going_to_be,a,75
declined_to_comment_on,the,74
in_the_top_of,the,74
over_the_past_few,years,74
the_good_news_is,that,74
i_am_going_to,do,73
i_am_not_sure,what,73
in_the_midst_of,a,73
to_be_part_of,the,73
to_the_rest_of,the,73
you_are_going_to,be,73
you_do_not_need,to,73
he_did_not_want,to,72
i_have_no_idea,what,72
the_other_end_of,the,72
we_have_a_lot,of,72
and_roll_hall_of,fame,71
i_have_been_working,on,71
in_and_out_of,the,71
is_one_of_the,few,71
one_of_the_most,important,71
president_of_the_united,states,70
so_i_am_going,to,70
the_new_york_stock,exchange,70
but_that_does_not,mean,69
i_would_love_to,hear,69
is_a_participant_in,the,69
the_first_round_of,the,69
there_are_a_number,of,69
a_means_for_sites,to,68
a_participant_in_the,amazon,68
advertising_and_linking_to,amazoncom,68
advertising_fees_by_advertising,and,68
amazon_eu_associates_programmes,designed,68
amazon_eu_this_content,is,68
amazon_services_llc_and,amazon,68
amazon_services_llc_andor,amazon,68
amazonca_amazoncouk_amazonde_amazonfr,amazonit,68
amazoncom_amazonca_amazoncouk_amazonde,amazonfr,68
amazoncouk_amazonde_amazonfr_amazonit,and,68
amazonde_amazonfr_amazonit_and,amazones,68
amazones_certain_content_that,appears,68
amazonfr_amazonit_and_amazones,certain,68
amazonit_and_amazones_certain,content,68
and_amazon_eu_associates,programmes,68
and_amazones_certain_content,that,68
and_is_subject_to,change,68
and_linking_to_amazoncom,amazonca,68
andor_amazon_eu_this,content,68
appears_on_this_website,comes,68
as_is_and_is,subject,68
associates_programmes_designed_to,provide,68
by_advertising_and_linking,to,68
certain_content_that_appears,on,68
change_or_removal_at,any,68
comes_from_amazon_services,llc,68
content_is_provided_as,is,68
content_that_appears_on,this,68
designed_to_provide_a,means,68
earn_advertising_fees_by,advertising,68
eu_associates_programmes_designed,to,68
eu_this_content_is,provided,68
fees_by_advertising_and,linking,68
for_sites_to_earn,advertising,68
from_amazon_services_llc,andor,68
i_have_to_say,that,68
in_the_amazon_services,llc,68
in_the_history_of,the,68
is_and_is_subject,to,68
is_one_of_my,favorite,68
is_provided_as_is,and,68
is_subject_to_change,or,68
linking_to_amazoncom_amazonca,amazoncouk,68
llc_and_amazon_eu,associates,68
llc_andor_amazon_eu,this,68
means_for_sites_to,earn,68
million_or_cents_per,share,68
nothing_to_do_with,the,68
on_this_website_comes,from,68
or_removal_at_any,time,68
participant_in_the_amazon,services,68
programmes_designed_to_provide,a,68
provide_a_means_for,sites,68
provided_as_is_and,is,68
services_llc_and_amazon,eu,68
services_llc_andor_amazon,eu,68
sites_to_earn_advertising,fees,68
subject_to_change_or,removal,68
that_appears_on_this,website,68
that_i_am_going,to,68
the_amazon_services_llc,and,68
the_right_thing_to,do,68
they_do_not_want,to,68
this_content_is_provided,as,68
this_website_comes_from,amazon,68
to_amazoncom_amazonca_amazoncouk,amazonde,68
to_change_or_removal,at,68
to_earn_advertising_fees,by,68
to_go_back_to,the,68
to_provide_a_means,for,68
website_comes_from_amazon,services,68
at_the_end_of,a,67
does_not_have_to,be,67
i_thought_i_would,share,67
in_the_case_of,the,67
not_have_to_worry,about,67
season_with_salt_and,pepper,67
up_to_years_in,prison,67
from_all_over_the,world,66
i_fell_in_love,with,66
on_the_back_of,the,66
one_of_the_things,i,66
spent_a_lot_of,time,66
the_end_of_the,world,66
the_rest_of_the,day,66
the_second_half_of,the,66
to_the_end_of,the,66
chicago_illinois_incorporated_in,item,65
do_not_have_to,be,65
in_the_first_round,of,65
it_is_one_of,the,65
protein_g_carbohydrate_g,fat,65
take_a_look_at,the,65
the_first_half_of,the,65
but_at_the_end,of,64
but_when_it_comes,to,64
centers_for_disease_control,and,64
do_not_know_if,i,64
if_you_do_not,know,64
is_a_member_of,the,64
salt_and_pepper_to,taste,64
spend_a_lot_of,time,64
a_little_bit_of,a,63
and_we_are_going,to,63
calories_g_protein_g,carbohydrate,63
i_am_not_sure,how,63
i_feel_like_i,have,63
is_a_great_way,to,63
new_york_and_new,jersey,63
an_hour_and_a,half,62
as_a_matter_of,fact,62
for_disease_control_and,prevention,62
i_do_not_have,any,62
i_do_not_have,the,62
i_felt_like_i,was,62
the_rest_of_my,life,62
the_side_of_the,road,62
we_will_be_able,to,62
carbohydrate_g_fat_g,saturated,61
i_can_not_help,but,61
said_in_a_news,release,61
that_i_was_going,to,61
the_first_three_months,of,61
to_the_bottom_of,the,61
you_know_what_i,mean,61
g_carbohydrate_g_fat,g,60
here_are_some_of,the,60
i_am_so_excited,to,60
i_do_not_need,to,60
i_do_not_think,we,60
over_and_over_and,over,60
said_he_did_not,know,60
they_are_going_to,be,60
april_in_the_block,of,59
before_the_end_of,the,59
board_district_no_candidate,filed,59
i_am_not_sure,i,59
i_would_like_to,see,59
in_the_first_half,of,59
it_turned_out_to,be,59
on_the_new_york,stock,59
spoke_on_condition_of,anonymity,59
the_rock_and_roll,hall,59
township_board_district_no,candidate,59
am_going_to_have,to,58
fat_g_saturated_mg,cholesterol,58
has_been_one_of,the,58
i_was_not_going,to,58
illinois_incorporated_in_item,c,58
is_a_bit_of,a,58
it_is_going_to,be,58
saturated_mg_cholesterol_mg,sodium,58
they_are_not_going,to,58
as_a_member_of,the,57
at_a_time_when,the,57
but_i_am_not,sure,57
g_fat_g_saturated,mg,57
g_saturated_mg_cholesterol,mg,57
i_am_sure_i,will,57
i_have_been_able,to,57
i_have_been_wanting,to,57
in_an_interview_with,the,57
to_be_able_to,do,57
university_of_chicago_chicago,illinois,57
and_i_do_not,think,56
cholesterol_mg_sodium_g,fiber,56
for_a_very_long,time,56
i_do_not_know,about,56
i_have_to_say,i,56
it_seems_to_me,that,56
on_the_part_of,the,56
over_the_course_of,the,56
the_fact_that_they,are,56
the_rest_of_the,country,56
there_were_a_lot,of,56
was_one_of_the,most,56
a_man_and_a,woman,55
and_i_have_to,say,55
but_for_the_most,part,55
he_was_one_of,the,55
i_am_just_going,to,55
i_do_not_even,know,55
i_was_lucky_enough,to,55
mg_cholesterol_mg_sodium,g,55
was_one_of_the,first,55
while_at_the_same,time,55
you_are_looking_for,a,55
and_i_can_not,wait,54
for_the_first_time,this,54
i_can_not_tell,you,54
i_have_not_been,able,54
i_think_it_would,be,54
serving_calories_g_protein,g,54
the_end_of_the,week,54
was_a_bit_of,a,54
hundreds_of_millions_of,dollars,53
hundreds_of_thousands_of,dollars,53
i_would_love_to,see,53
in_the_last_few,years,53
in_the_second_half,of,53
in_the_st_louis,area,53
it_would_be_nice,to,53
per_serving_calories_g,protein,53
the_last_couple_of,years,53
the_rest_of_the,season,53
the_securities_and_exchange,commission,53
the_start_of_the,season,53
want_to_be_able,to,53
was_a_member_of,the,53
was_the_first_time,i,53
we_are_going_to,do,53
you_are_going_to,have,53
a_long_way_to,go,52
calories_g_fat_g,saturated,52
due_to_the_fact,that,52
each_and_every_one,of,52
for_more_than_a,decade,52
it_will_be_interesting,to,52
of_health_and_human,services,52
on_condition_of_anonymity,because,52
at_the_center_of,the,51
at_the_end_of,each,51
at_the_same_time,it,51
do_not_know_what,to,51
for_those_of_us,who,51
from_the_rest_of,the,51
i_do_not_think,he,51
i_do_not_think,there,51
i_thought_it_was,a,51
in_the_midst_of,the,51
the_first_time_in,years,51
was_one_of_the,best,51
and_i_am_not,sure,50
for_a_long_time,and,50
for_more_than_a,year,50
i_do_not_like,to,50
i_have_no_idea,how,50
if_you_are_in,the,50
it_was_one_of,those,50
mg_cholesterol_g_protein,g,50
port_authority_of_new,york,50
the_first_time_in,a,50
the_united_states_of,america,50
to_take_advantage_of,the,50
to_the_front_of,the,50
until_the_end_of,the,50
will_be_interesting_to,see,50
at_the_back_of,the,49
home_in_the_block,of,49
i_did_not_know,what,49
if_you_have_any,questions,49
is_not_going_to,be,49
of_new_york_and,new,49
of_the_rest_of,the,49
one_of_the_most,popular,49
the_last_couple_of,weeks,49
this_is_one_of,those,49
this_was_the_first,time,49
to_do_the_right,thing,49
and_i_do_not,want,48
as_far_as_i,know,48
authority_of_new_york,and,48
be_a_part_of,the,48
but_i_do_not,know,48
fat_mg_cholesterol_g,protein,48
i_am_going_to,go,48
i_am_not_sure,why,48
i_can_tell_you,that,48
i_do_not_think,they,48
i_had_a_lot,of,48
if_you_do_not,like,48
in_the_past_two,years,48
over_the_past_two,years,48
the_end_of_the,first,48
the_food_and_drug,administration,48
to_make_the_most,of,48
trying_to_figure_out,how,48
what_it_means_to,be,48
a_lot_of_people,who,47
across_the_street_from,the,47
and_for_the_first,time,47
and_i_would_like,to,47
but_i_am_going,to,47
he_does_not_want,to,47
i_am_going_to,get,47
i_did_not_have,a,47
i_do_not_know,where,47
i_was_going_to,be,47
in_item_b_above,pp,47
in_the_back_of,my,47
in_the_heart_of,the,47
in_the_new_york,times,47
let_me_know_if,you,47
not_get_me_wrong,i,47
on_the_day_of,the,47
reservations_and_credit_cards,accepted,47
said_in_a_written,statement,47
thank_you_so_much,for,47
the_port_authority_of,new,47
what_i_am_talking,about,47
all_you_need_to,do,46
and_i_was_able,to,46
for_the_first_time,i,46
for_the_rest_of,my,46
i_do_not_know,that,46
i_do_not_know,the,46
i_think_it_will,be,46
if_you_want_to,be,46
in_the_last_couple,of,46
is_not_the_first,time,46
it_is_what_it,is,46
it_would_be_fun,to,46
not_know_what_to,do,46
so_there_you_have,it,46
the_centers_for_disease,control,46
think_i_am_going,to,46
those_of_you_who,are,46
we_do_not_have,a,46
at_the_heart_of,the,45
by_the_end_of,this,45
do_not_think_i,have,45
get_in_the_way,of,45
i_can_not_think,of,45
i_do_not_think,the,45
i_dont_want_to,be,45
i_had_no_idea,what,45
i_have_to_admit,that,45
in_the_block_of,south,45
on_the_other_hand,i,45
said_i_do_not,know,45
thank_you_to_everyone,who,45
the_end_of_the,book,45
the_left_side_of,the,45
the_rest_of_the,year,45
there_are_a_couple,of,45
a_lot_of_work,to,44
and_i_do_not,know,44
at_this_time_of,year,44
do_not_want_to,do,44
g_saturated_fat_mg,cholesterol,44
i_think_this_is,a,44
i_would_like_to,thank,44
in_the_first_quarter,of,44
in_the_late_s,and,44
near_the_end_of,the,44
said_i_do_not,think,44
the_first_day_of,the,44
the_rest_of_the,way,44
the_right_side_of,the,44
the_university_of_chicago,chicago,44
this_is_not_the,first,44
to_go_out_there,and,44
to_the_back_of,the,44
trying_to_figure_out,what,44
we_do_not_have,to,44
you_are_going_to,get,44
at_the_height_of,the,43
at_the_same_time,as,43
fat_g_saturated_fat,mg,43
if_we_are_going,to,43
in_the_last_two,years,43
in_the_rest_of,the,43
is_the_best_way,to,43
let_me_know_what,you,43
not_wait_to_see,what,43
over_the_last_few,years,43
professor_at_the_university,of,43
that_we_are_going,to,43
the_home_was_sold,by,43
the_same_period_last,year,43
to_a_request_for,comment,43
when_i_was_growing,up,43
and_i_look_forward,to,42
are_not_going_to,be,42
as_far_as_i,am,42
at_the_edge_of,the,42
come_to_think_of,it,42
department_of_health_and,human,42
do_not_need_to,be,42
does_not_seem_to,be,42
i_did_not_have,to,42
in_such_a_way,that,42
may_not_be_able,to,42
more_than_percent_of,the,42
most_of_the_time,i,42
on_the_way_to,the,42
only_a_matter_of,time,42
she_did_not_want,to,42
those_of_you_who,have,42
to_be_able_to,get,42
to_get_rid_of,the,42
a_couple_of_days,ago,41
a_few_weeks_ago,i,41
a_lot_to_do,with,41
at_the_front_of,the,41
cholesterol_g_protein_g,carbohydrate,41
do_not_know_if,it,41
end_of_the_day,i,41
especially_when_it_comes,to,41
for_the_first_time,the,41
i_did_not_have,the,41
i_do_not_know,i,41
i_would_have_to,say,41
if_i_am_going,to,41
if_you_do_not,want,41
it_does_not_have,to,41
its_going_to_be,a,41
more_than_half_of,the,41
now_is_the_time,to,41
on_the_other_hand,is,41
that_was_one_of,the,41
the_city_of_st,louis,41
the_fact_that_i,am,41
the_rest_of_the,week,41
there_are_going_to,be,41
this_is_the_kind,of,41
a_matter_of_time,before,40
and_at_the_end,of,40
as_one_of_the,most,40
do_not_know_about,you,40
for_the_first_time,and,40
for_the_most_part,i,40
i_could_not_help,but,40
i_have_always_wanted,to,40
if_you_look_at,the,40
if_you_want_to,see,40
in_the_best_interest,of,40
in_the_next_few,weeks,40
in_the_same_way,that,40
in_this_day_and,age,40
it_did_not_take,long,40
it_would_be_a,good,40
know_what_to_do,with,40
may_or_may_not,be,40
on_the_first_day,of,40
president_and_ceo_of,the,40
respond_to_a_request,for,40
that_i_do_not,have,40
that_i_would_like,to,40
the_benefit_of_the,doubt,40
was_supposed_to_be,a,40
what_i_want_to,do,40
will_be_able_to,get,40
will_never_be_able,to,40
with_the_help_of,a,40
you_do_not_know,what,40
as_you_can_see,i,39
do_not_have_to,worry,39
for_a_couple_of,weeks,39
for_a_couple_of,years,39
for_as_long_as,i,39
had_a_lot_of,fun,39
have_to_be_able,to,39
hope_you_all_had,a,39
i_have_been_thinking,about,39
in_other_parts_of,the,39
saturated_fat_mg_cholesterol,g,39
step_in_the_right,direction,39
the_first_time_i,have,39
the_first_time_since,the,39
there_is_no_need,to,39
there_is_no_such,thing,39
they_will_be_able,to,39
to_learn_more_about,the,39
you_need_to_do,is,39
a_lot_of_things,that,38
all_i_can_say,is,38
and_a_member_of,the,38
bake_for_minutes_or,until,38
did_not_respond_to,a,38
even_if_you_do,not,38
fell_in_love_with,the,38
for_more_information_or,to,38
i_am_not_trying,to,38
i_have_to_admit,i,38
i_know_a_lot,of,38
i_think_a_lot,of,38
i_was_able_to,get,38
if_you_are_not,a,38
in_the_hands_of,the,38
is_not_to_say,that,38
of_state_hillary_rodham,clinton,38
president_and_chief_executive,officer,38
said_we_are_going,to,38
secretary_of_state_hillary,rodham,38
the_news_of_the,world,38
they_did_not_want,to,38
they_do_not_have,the,38
to_the_point_where,i,38
up_in_the_middle,of,38
what_i_am_going,to,38
a_short_period_of,time,37
am_going_to_try,to,37
and_bring_to_a,boil,37
and_let_me_tell,you,37
are_going_to_be,a,37
as_far_as_i,can,37
as_long_as_i,can,37
as_much_as_i,do,37
at_the_end_of,last,37
at_the_other_end,of,37
at_the_time_of,his,37
be_sure_to_check,out,37
been_a_while_since,i,37
did_not_respond_to,requests,37
director_of_the_center,for,37
i_am_trying_to,get,37
i_knew_i_had,to,37
i_would_be_able,to,37
i_would_like_to,be,37
in_the_next_few,days,37
said_in_a_phone,interview,37
the_first_time_in,my,37
to_give_it_a,try,37
towards_the_end_of,the,37
a_few_years_ago,i,36
about_the_size_of,a,36
but_i_do_not,want,36
for_a_chance_to,win,36
for_the_rest_of,his,36
from_the_top_of,the,36
had_a_bit_of,a,36
i_am_going_to,make,36
i_am_not_a,fan,36
i_am_not_sure,that,36
i_did_not_have,any,36
i_do_not_really,know,36
i_think_i_am,going,36
i_wanted_to_be,a,36
i_would_not_want,to,36
i_would_really_like,to,36
if_you_want_to,know,36
in_the_first_three,months,36
in_the_name_of,the,36
in_the_past_few,years,36
is_no_such_thing,as,36
on_the_other_hand,the,36
per_serving_calories_g,fat,36
said_at_a_news,conference,36
the_fact_that_i,have,36
the_number_of_people,who,36
there_is_no_doubt,that,36
this_is_not_to,say,36
to_be_able_to,go,36
we_are_going_to,get,36
we_do_not_know,what,36
a_lot_of_time,to,35
and_open_to_the,public,35
are_you_going_to,do,35
as_much_as_i,can,35
as_much_as_i,would,35
bar_reservations_and_credit,cards,35
but_i_am_not,going,35
come_to_the_conclusion,that,35
did_not_know_how,to,35
did_not_know_what,to,35
for_the_second_time,in,35
full_bar_reservations_and,credit,35
has_not_been_able,to,35
have_something_to_do,with,35
i_am_a_fan,of,35
i_am_going_to,take,35
i_am_so_proud,of,35
i_can_not_believe,i,35
i_do_not_think,so,35
i_will_let_you,know,35
if_you_are_like,me,35
in_a_letter_to,the,35
in_the_fourth_quarter,and,35
is_in_the_process,of,35
it_would_have_been,a,35
just_to_name_a,few,35
may_or_may_not,have,35
might_not_be_able,to,35
much_in_the_way,of,35
not_have_a_lot,of,35
not_respond_to_requests,for,35
or_at_the_very,least,35
over_the_top_of,the,35
said_in_an_interview,that,35
that_i_was_able,to,35
the_department_of_homeland,security,35
the_first_time_in,the,35
the_president_of_the,united,35
the_us_environmental_protection,agency,35
there_was_a_time,when,35
think_of_it_as,a,35
this_was_going_to,be,35
told_the_associated_press,that,35
turns_out_to_be,a,35
will_have_the_opportunity,to,35
you_would_like_to,see,35
a_yearold_resident_of,the,34
am_really_looking_forward,to,34
and_did_not_want,to,34
and_i_do_not,have,34
as_much_as_i,love,34
as_one_of_the,best,34
at_the_university_of,california,34
do_not_know_what,it,34
faces_up_to_years,in,34
first_three_months_of,the,34
for_a_variety_of,reasons,34
free_and_open_to,the,34
g_fat_g_saturated,fat,34
had_something_to_do,with,34
has_something_to_do,with,34
here_are_a_few,of,34
i_am_not_the,only,34
i_am_one_of,those,34
i_can_not_believe,it,34
i_did_not_know,how,34
i_do_not_care,what,34
i_had_the_opportunity,to,34
i_was_going_to,get,34
i_was_not_able,to,34
i_would_love_to,have,34
if_it_were_not,for,34
in_the_parking_lot,of,34
is_open_to_the,public,34
is_survived_by_his,wife,34
level_mp_cost_duration,seconds,34
not_going_to_be,able,34
not_know_about_you,but,34
on_and_off_the,field,34
one_of_the_reasons,i,34
over_the_course_of,a,34
over_the_past_three,years,34
pronounced_dead_at_the,scene,34
resident_of_the_block,of,34
something_to_do_with,the,34
the_beginning_of_the,year,34
the_fact_that_it,was,34
think_we_are_going,to,34
thought_it_would_be,fun,34
was_not_going_to,be,34
we_did_not_want,to,34
we_have_been_able,to,34
what_i_wanted_to,do,34
with_a_little_bit,of,34
with_the_help_of,the,34
a_couple_of_months,ago,33
a_lot_of_people,are,33
and_one_of_the,most,33
anyone_with_information_about,the,33
are_going_to_have,a,33
did_not_have_time,to,33
do_not_want_to,see,33
figure_out_a_way,to,33
for_the_first_time,ever,33
have_nothing_to_do,with,33
here_are_a_couple,of,33
hope_you_all_have,a,33
i_am_just_trying,to,33
i_am_so_happy,to,33
i_do_not_know,but,33
i_have_never_had,a,33
if_i_was_going,to,33
if_it_was_not,for,33
in_the_next_couple,of,33
it_been_a_while,since,33
it_just_a_matter,of,33
it_not_going_to,be,33
it_would_be_interesting,to,33
me_know_what_you,think,33
need_to_be_able,to,33
of_the_united_states,and,33
on_the_edge_of,the,33
on_the_right_side,of,33
one_of_the_most,famous,33
pm_april_in_the,block,33
preheat_the_oven_to,degrees,33
the_american_civil_liberties,union,33
the_caprera_hotel_venice,italy,33
the_other_day_i,was,33
they_have_a_lot,of,33
thought_it_would_be,a,33
three_months_of_the,year,33
to_keep_an_eye,on,33
to_make_up_for,the,33
what_are_you_going,to,33
a_larceny_was_reported,at,32
a_little_more_than,a,32
an_integral_part_of,the,32
at_least_one_of,the,32
be_a_part_of,it,32
be_one_of_the,most,32
but_i_would_like,to,32
can_not_tell_you,how,32
can_not_wait_to,get,32
chicago_chicago_illinois_incorporated,in,32
defensive_player_of_the,year,32
did_not_think_it,was,32
do_not_know_what,i,32
do_not_know_what,the,32
do_not_know_why,i,32
far_as_i_am,concerned,32
first_time_in_my,life,32
for_a_long_time,i,32
for_a_lot_of,people,32
for_the_rest_of,us,32
have_anything_to_do,with,32
he_said_i_do,not,32
i_am_not_even,sure,32
i_am_really_looking,forward,32
i_was_going_to,do,32
in_a_way_that,is,32
in_one_way_or,another,32
in_the_aftermath_of,the,32
incorporated_in_item_b,above,32
is_free_and_open,to,32
is_not_the_same,as,32
it_has_to_do,with,32
larceny_a_larceny_was,reported,32
of_chicago_chicago_illinois,incorporated,32
of_the_new_york,times,32
on_and_on_and,on,32
one_of_the_reasons,why,32
over_the_next_few,years,32
really_do_not_want,to,32
right_in_the_middle,of,32
said_in_a_prepared,statement,32
state_department_of_environmental,protection,32
tens_of_millions_of,dollars,32
the_end_of_the,night,32
the_rest_of_his,life,32
the_state_department_of,environmental,32
this_is_one_of,my,32
this_time_of_the,year,32
to_come_up_with,the,32
to_keep_up_with,the,32
toward_the_end_of,the,32
turned_out_to_be,the,32
us_fish_and_wildlife,service,32
we_want_to_make,sure,32
what_do_you_think,of,32
a_lot_of_hard,work,31
all_at_the_same,time,31
all_i_can_do,is,31
all_i_know_is,that,31
and_chief_executive_officer,of,31
and_last_but_not,least,31
as_soon_as_i,can,31
between_the_ages_of,and,31
but_i_did_not,want,31
day_in_and_day,out,31
do_not_want_to,go,31
does_not_appear_to,be,31
does_not_want_to,be,31
fake_fake_fake_fake,fake,31
for_a_couple_of,days,31
for_the_past_two,years,31
for_the_remainder_of,the,31
for_the_sake_of,the,31
for_those_of_you,that,31
former_house_speaker_newt,gingrich,31
has_to_do_with,the,31
i_am_in_love,with,31
i_do_not_believe,that,31
i_do_not_like,the,31
i_have_no_idea,why,31
i_never_thought_i,would,31
in_a_lot_of,ways,31
is_one_of_the,reasons,31
it_was_a_lot,of,31
it_would_be_a,great,31
late_s_and_early,s,31
people_familiar_with_the,matter,31
the_fact_of_the,matter,31
the_italian_people_in,italy,31
the_second_round_of,the,31
the_us_department_of,justice,31
there_is_no_reason,to,31
there_is_no_way,to,31
to_do_something_about,it,31
to_see_if_i,could,31
what_appeared_to_be,a,31
when_was_the_last,time,31
will_have_a_chance,to,31
a_squarefoot_home_with,pool,30
a_thing_of_the,past,30
am_not_the_only,one,30
and_all_of_a,sudden,30
are_in_the_process,of,30
at_the_same_time,we,30
be_one_of_the,best,30
could_go_on_and,on,30
do_a_better_job,of,30
do_whatever_it_takes,to,30
dont_get_me_wrong,i,30
fact_of_the_matter,is,30
for_about_minutes_or,until,30
for_the_better_part,of,30
girl_with_the_dragon,tattoo,30
i_am_pretty_sure,i,30
i_am_so_glad,that,30
i_am_still_trying,to,30
i_do_not_care,if,30
i_do_not_feel,like,30
i_do_not_think,you,30
i_have_a_feeling,that,30
i_have_a_hard,time,30
i_want_to_make,sure,30
i_woke_up_this,morning,30
i_would_like_to,think,30
if_you_want_to,make,30
in_us_district_court,in,30
it_has_nothing_to,do,30
million_or_cents_a,share,30
of_the_postdispatch_contributed,to,30
one_way_or_the,other,30
over_the_next_couple,of,30
over_the_past_couple,of,30
over_the_years_i,have,30
postdispatch_contributed_to_this,report,30
said_in_a_statement,the,30
that_the_rest_of,the,30
the_back_of_my,mind,30
the_bottom_line_is,that,30
the_end_of_this,month,30
the_first_time_i,had,30
the_past_couple_of,weeks,30
the_point_of_view,of,30
the_postdispatch_contributed_to,this,30
the_us_department_of,agriculture,30
they_do_not_have,to,30
to_take_a_look,at,30
we_do_not_need,to,30
we_had_a_lot,of,30
what_it_would_be,like,30
what_to_do_with,the,30
when_i_was_a,child,30
will_be_held_at,the,30
with_the_exception_of,the,30
yearold_resident_of_the,block,30
you_have_to_have,a,30
a_few_months_ago,i,29
accepted_and_allowed_myself,to,29
all_in_all_it,was,29
am_to_pm_at,the,29
and_i_am_so,excited,29
as_you_can_see,the,29
at_the_expense_of,the,29
at_the_same_time,he,29
at_the_same_time,they,29
back_to_the_drawing,board,29
but_i_do_not,have,29
but_on_the_other,hand,29
by_the_time_we,got,29
came_up_with_the,idea,29
completed_of_passes_for,yards,29
decided_it_was_time,to,29
do_not_have_the,time,29
dr_square_feet_on,for,29
for_a_couple_of,hours,29
for_the_first_time,that,29
from_the_point_of,view,29
g_protein_g_fiber,mg,29
he_was_not_going,to,29
here_are_just_a,few,29
here_are_some_of,my,29
i_am_not_a,big,29
i_am_not_so,sure,29
i_can_not_believe,how,29
i_had_so_much,fun,29
i_have_to_tell,you,29
i_will_be_sure,to,29
if_you_are_reading,this,29
in_the_case_of,a,29
in_the_early_th,century,29
in_the_eyes_of,the,29
in_the_fourth_quarter,of,29
is_a_great_place,to,29
is_going_to_be,the,29
is_the_first_time,i,29
it_does_not_matter,if,29
it_does_not_matter,what,29
more_than_a_year,ago,29
of_millions_of_dollars,in,29
on_the_eve_of,the,29
one_day_at_a,time,29
one_of_the_best,things,29
one_of_those_things,that,29
over_the_last_two,years,29
over_the_next_few,weeks,29
over_the_past_few,months,29
protein_g_fiber_mg,sodium,29
respond_to_requests_for,comment,29
senate_president_stephen_sweeney,dgloucester,29
so_i_decided_to,make,29
so_i_do_not,know,29
tens_of_thousands_of,dollars,29
the_end_of_the,game,29
the_luxury_vacation_in,italy,29
the_national_transportation_safety,board,29
the_top_of_my,head,29
there_are_so_many,things,29
to_be_one_of,those,29
to_get_back_to,the,29
to_get_the_job,done,29
was_pronounced_dead_at,the,29
when_you_look_at,the,29
will_be_a_lot,of,29
with_runners_in_scoring,position,29
with_two_outs_in,the,29
a_chance_to_win,a,28
all_the_way_down,to,28
am_not_a_fan,of,28
an_important_part_of,the,28
and_by_the_end,of,28
and_if_you_do,not,28
are_not_going_to,get,28
at_the_end_of,it,28
at_the_same_time,and,28
be_a_part_of,this,28
been_one_of_the,most,28
but_if_you_want,to,28
but_we_are_going,to,28
do_not_think_i,am,28
end_of_the_school,year,28
first_thing_in_the,morning,28
for_the_last_couple,of,28
for_the_life_of,me,28
for_those_who_do,not,28
for_to_minutes_or,until,28
get_to_the_bottom,of,28
going_to_be_a,good,28
he_does_not_have,a,28
he_said_he_did,not,28
i_am_a_big,fan,28
i_can_not_wait,for,28
i_do_not_think,anyone,28
i_should_be_able,to,28
i_was_going_to,have,28
in_a_couple_of,weeks,28
in_a_variety_of,ways,28
in_the_face_of,the,28
in_the_first_place,and,28
in_the_united_states,in,28
in_the_wake_of,a,28
is_in_the_midst,of,28
just_a_few_of,the,28
just_in_time_for,the,28
know_about_you_but,i,28
lot_of_work_to,do,28
not_a_big_fan,of,28
of_the_matter_is,that,28
on_either_side_of,the,28
on_the_east_side,of,28
on_the_west_side,of,28
one_of_my_favorite,things,28
one_of_the_most,successful,28
one_or_more_of,the,28
over_the_next_few,days,28
said_in_a_telephone,interview,28
that_he_was_going,to,28
that_turned_out_to,be,28
the_best_part_of,the,28
the_end_of_last,year,28
the_end_of_the,school,28
the_end_of_the,tunnel,28
the_end_of_this,year,28
the_girl_with_the,dragon,28
the_last_couple_of,days,28
the_most_important_thing,is,28
the_next_couple_of,days,28
the_past_couple_of,years,28
the_state_department_of,education,28
there_were_a_couple,of,28
to_make_it_easier,for,28
to_make_sure_they,are,28
to_take_a_picture,of,28
too_good_to_be,true,28
us_circuit_court_of,appeals,28
was_a_lot_of,fun,28
a_breath_of_fresh,air,27
am_not_sure_if,i,27
and_i_am_not,going,27
and_i_did_not,want,27
at_the_time_i,was,27
be_a_good_idea,to,27
because_i_do_not,want,27
been_a_long_time,since,27
before_the_start_of,the,27
by_the_time_i,got,27
decided_to_give_it,a,27
do_not_have_time,to,27
for_a_number_of,years,27
for_the_first_time,on,27
for_the_most_part,the,27
for_the_past_three,years,27
going_to_have_to,be,27
has_pleaded_not_guilty,to,27
have_a_bit_of,a,27
have_got_a_lot,of,27
how_important_it_is,to,27
i_decided_to_make,a,27
i_did_not_even,know,27
i_had_to_go,to,27
i_think_it_was,a,27
i_want_to_be,a,27
i_was_in_high,school,27
i_would_also_like,to,27
i_would_like_to,say,27
i_would_like_to,share,27
in_a_conference_call,with,27
in_case_you_are,wondering,27
in_one_of_the,most,27
in_the_event_of,a,27
in_the_first_half,and,27
in_the_same_way,as,27
in_the_second_half,and,27
is_going_to_have,to,27
it_was_so_much,fun,27
it_was_supposed_to,be,27
keep_an_eye_out,for,27
move_on_to_the,next,27
off_to_a_good,start,27
on_the_wrong_side,of,27
one_of_my_best,friends,27
over_the_last_couple,of,27
said_in_a_statement,we,27
senate_majority_leader_harry,reid,27
that_you_do_not,have,27
the_first_part_of,the,27
the_last_day_of,the,27
the_late_s_and,early,27
the_world_a_better,place,27
the_yield_on_the,year,27
there_are_a_few,things,27
there_seems_to_be,a,27
they_are_the_ones,who,27
thought_i_was_going,to,27
to_do_a_better,job,27
to_figure_out_a,way,27
to_find_out_more,about,27
to_let_you_know,that,27
to_the_other_side,of,27
to_the_side_of,the,27
was_born_and_raised,in,27
was_going_to_have,to,27
was_one_of_the,few,27
what_do_you_think,about,27
when_i_was_years,old,27
you_can_see_in,the,27
a_lot_of_fun,and,26
am_to_pm_monday,through,26
and_we_look_forward,to,26
are_just_a_few,of,26
as_long_as_they,are,26
at_case_western_reserve,university,26
at_the_base_of,the,26
at_the_same_time,that,26
be_a_bit_of,a,26
be_able_to_see,the,26
can_be_found_in,the,26
did_not_immediately_respond,to,26
do_not_know_much,about,26
due_to_a_lack,of,26
during_the_course_of,the,26
for_a_long_time,but,26
for_a_number_of,reasons,26
for_more_information_go,to,26
for_the_benefit_of,the,26
for_the_third_time,in,26
from_am_to_pm,at,26
g_fat_g_saturated,g,26
had_to_go_to,the,26
have_a_chance_to,win,26
he_is_one_of,the,26
he_will_be_able,to,26
i_am_not_really,sure,26
i_can_honestly_say,that,26
i_did_not_know,if,26
i_did_not_think,it,26
i_had_to_do,was,26
i_have_never_seen,a,26
i_have_not_had,a,26
i_like_to_think,that,26
i_want_to_do,is,26
i_wanted_it_to,be,26
i_will_not_be,able,26
if_you_are_in,a,26
in_front_of_me,and,26
in_the_context_of,the,26
in_the_heat_of,the,26
is_a_good_time,to,26
is_one_of_the,biggest,26
it_remains_to_be,seen,26
it_took_a_lot,of,26
it_was_not_immediately,clear,26
light_at_the_end,of,26
like_to_be_able,to,26
look_at_some_of,the,26
love_to_hear_from,you,26
national_highway_traffic_safety,administration,26
not_going_to_be,a,26
not_respond_to_a,request,26
of_the_s_and,s,26
off_the_top_of,my,26
on_the_south_side,of,26
one_of_those_people,who,26
over_the_next_two,years,26
over_the_past_few,weeks,26
points_in_the_fourth,quarter,26
separation_of_church_and,state,26
she_does_not_want,to,26
shooting_percent_from_the,field,26
so_i_do_not,have,26
something_along_the_lines,of,26
that_does_not_mean,that,26
that_is_going_to,be,26
that_they_do_not,have,26
that_we_do_not,have,26
that_when_it_comes,to,26
that_you_are_going,to,26
the_company_said_in,a,26
the_fact_that_we,are,26
the_only_way_to,get,26
the_parking_lot_of,the,26
the_right_place_at,the,26
the_wrong_side_of,the,26
they_do_not_have,a,26
to_be_a_little,more,26
to_be_part_of,a,26
to_get_back_into,the,26
to_go_to_the,bathroom,26
to_spend_more_time,with,26
today_i_am_going,to,26
wars_in_iraq_and,afghanistan,26
was_in_the_middle,of,26
was_taken_to_a,hospital,26
we_do_not_have,the,26
we_had_a_great,time,26
what_are_you_waiting,for,26
what_i_came_up,with,26
will_be_one_of,the,26
you_feel_like_you,are,26
you_need_to_know,about,26
a_big_fan_of,the,25
a_few_years_ago,and,25
a_lot_of_people,in,25
a_person_familiar_with,the,25
all_i_have_to,do,25
and_do_not_forget,to,25
and_every_one_of,you,25
and_i_am_looking,forward,25
anyone_with_information_is,asked,25
are_going_to_try,to,25
assembly_speaker_sheila_oliver,dessex,25
at_least_some_of,the,25
at_pm_april_in,the,25
at_the_beginning_of,this,25
at_the_bottom_of,this,25
at_the_top_of,his,25
because_i_do_not,have,25
between_a_man_and,a,25
but_i_do_know,that,25
calories_calories_from_fat,percent,25
calories_from_fat_percent,of,25
carbohydrate_g_protein_g,fiber,25
chief_executive_officer_of,the,25
cholesterol_g_carbohydrate_g,protein,25
did_not_take_long,for,25
do_not_have_a,lot,25
do_not_think_i,will,25
do_not_want_it,to,25
fannie_mae_and_freddie,mac,25
fat_percent_of_total,calories,25
for_a_long_long,time,25
from_fat_percent_of,total,25
g_carbohydrate_g_protein,g,25
going_to_be_a,lot,25
going_to_be_a,very,25
have_to_go_back,to,25
he_did_not_have,a,25
hope_you_are_having,a,25
i_am_a_huge,fan,25
i_am_not_talking,about,25
i_am_so_glad,i,25
i_can_not_seem,to,25
i_did_not_feel,like,25
i_did_not_think,i,25
i_do_not_know,who,25
i_do_not_mean,to,25
i_dont_know_if,i,25
i_dont_know_why,i,25
i_have_never_been,a,25
i_just_do_not,know,25
i_know_i_am,not,25
i_really_do_not,know,25
i_spent_a_lot,of,25
i_thought_it_might,be,25
i_was_just_trying,to,25
i_was_so_excited,to,25
if_you_have_not,already,25
in_a_statement_that,the,25
in_the_gulf_of,mexico,25
in_the_past_five,years,25
is_in_the_middle,of,25
is_on_the_verge,of,25
is_one_of_my,favourite,25
it_took_me_a,while,25
it_would_have_to,be,25
mg_cholesterol_g_carbohydrate,g,25
no_such_thing_as,a,25
of_thousands_of_dollars,in,25
of_total_calories_g,fat,25
on_one_side_of,the,25
on_the_last_day,of,25
on_the_other_end,of,25
on_the_other_hand,if,25
one_of_the_first,things,25
over_the_next_five,years,25
percent_of_total_calories,g,25
place_at_the_right,time,25
right_in_front_of,me,25
so_much_so_that,i,25
stylebackground_none_repeat_scroll,yellow,25
that_a_lot_of,people,25
the_fact_that_it,is,25
the_opposite_side_of,the,25
the_rest_of_your,life,25
the_us_fish_and,wildlife,25
there_going_to_be,a,25
to_be_honest_with,you,25
to_do_a_lot,of,25
to_see_if_i,can,25
to_take_care_of,the,25
to_tell_you_the,truth,25
to_the_national_weather,service,25
to_the_united_states,and,25
total_calories_g_fat,g,25
us_food_and_drug,administration,25
was_arrested_on_suspicion,of,25
what_it_was_like,to,25
when_i_got_to,the,25
which_is_one_of,the,25
will_be_able_to,do,25
will_be_able_to,see,25
with_information_is_asked,to,25
would_like_to_see,the,25
you_should_be_able,to,25
you_would_like_to,be,25
a_home_in_the,block,24
a_lot_of_the,time,24
a_lot_of_time,in,24
about_a_third_of,the,24
according_to_the_national,weather,24
again_and_again_and,again,24
am_a_big_fan,of,24
am_i_going_to,do,24
and_for_the_most,part,24
and_the_district_of,columbia,24
as_much_as_you,can,24
as_you_can_see,in,24
at_least_once_a,week,24
at_least_percent_of,the,24
at_the_hands_of,the,24
did_not_want_to,get,24
do_not_want_to,make,24
do_not_want_to,miss,24
does_not_need_to,be,24
dont_know_what_to,do,24
fall_in_love_with,the,24
fat_g_saturated_g,trans,24
fats_mg_cholesterol_g,carbohydrate,24
federal_reserve_chairman_ben,bernanke,24
for_yards_and_two,touchdowns,24
from_time_to_time,and,24
g_saturated_g_trans,fats,24
g_trans_fats_mg,cholesterol,24
going_to_be_a,great,24
going_to_be_a,little,24
going_to_have_to,make,24
had_anything_to_do,with,24
had_no_choice_but,to,24
have_no_choice_but,to,24
i_am_glad_i,did,24
i_am_going_to,miss,24
i_am_going_to,share,24
i_am_one_of,the,24
i_am_sure_it,will,24
i_am_the_only,one,24
i_am_very_proud,of,24
i_do_not_think,this,24
i_find_it_hard,to,24
i_have_always_been,a,24
i_have_been_in,the,24
i_knew_i_wanted,to,24
i_might_be_able,to,24
i_want_to_talk,about,24
i_would_not_be,surprised,24
in_all_it_was,a,24
in_the_block_of,north,24
in_the_form_of,the,24
in_the_line_of,duty,24
it_hard_for_me,to,24
it_occurred_to_me,that,24
it_takes_a_lot,of,24
not_ask_do_not,tell,24
not_have_been_able,to,24
not_the_only_one,who,24
of_course_i_had,to,24
on_more_than_one,occasion,24
on_the_right_hand,side,24
or_percent_to_close,at,24
out_of_the_car,and,24
plus_or_minus_percentage,points,24
points_in_the_second,half,24
right_place_at_the,right,24
saturated_g_trans_fats,mg,24
season_to_taste_with,salt,24
second_year_in_a,row,24
since_the_start_of,the,24
so_much_for_stopping,by,24
spent_the_rest_of,the,24
the_end_of_the,story,24
the_end_of_the,summer,24
the_federal_emergency_management,agency,24
the_first_of_its,kind,24
the_state_of_new,jersey,24
to_get_away_from,the,24
to_make_it_to,the,24
to_say_thank_you,to,24
to_taste_with_salt,and,24
trans_fats_mg_cholesterol,g,24
want_to_make_sure,that,24
wanted_to_share_with,you,24
we_are_going_to,try,24
we_would_like_to,see,24
were_going_to_have,to,24
what_appears_to_be,a,24
what_is_going_on,in,24
what_we_want_to,do,24
what_you_are_going,to,24
where_the_wild_things,are,24
who_spoke_on_condition,of,24
will_take_place_at,the,24
would_be_a_good,idea,24
you_are_going_to,do,24
you_do_not_have,the,24
you_have_got_to,be,24
a_large_part_of,the,23
a_lot_of_people,do,23
a_lot_of_people,have,23
a_step_in_the,right,23
all_i_had_to,do,23
all_of_a_sudden,i,23
am_a_huge_fan,of,23
am_april_in_the,block,23
and_i_have_no,idea,23
and_i_want_to,be,23
and_is_one_of,the,23
and_over_and_over,again,23
and_they_are_going,to,23
are_a_few_of,the,23
at_the_end_of,his,23
at_the_end_of,my,23
at_the_top_of,my,23
ave_square_feet_on,for,23
but_if_you_do,not,23
came_up_to_me,and,23
cash_for_a_squarefoot,home,23
come_up_with_a,new,23
couple_of_weeks_ago,i,23
did_not_want_to,go,23
do_not_have_to,do,23
do_not_know_how,many,23
even_if_you_are,not,23
every_step_of_the,way,23
familiar_with_the_matter,said,23
fiber_mg_sodium_mg,calcium,23
for_more_than_two,years,23
for_the_republican_presidential,nomination,23
harry_potter_and_the,deathly,23
has_a_lot_to,do,23
have_a_long_way,to,23
have_been_able_to,do,23
have_come_a_long,way,23
have_to_go_to,the,23
he_did_not_have,to,23
he_said_in_an,interview,23
here_in_the_united,states,23
hours_are_am_to,pm,23
how_hard_it_is,to,23
i_am_a_sucker,for,23
i_am_going_to,keep,23
i_am_happy_to,say,23
i_am_pretty_sure,that,23
i_dont_know_what,to,23
i_had_the_pleasure,of,23
i_have_always_had,a,23
i_have_been_waiting,for,23
i_know_that_i,am,23
i_want_it_to,be,23
i_wanted_to_show,you,23
i_will_leave_you,with,23
i_would_have_loved,to,23
i_would_like_to,do,23
if_you_have_not,seen,23
if_you_want_to,get,23
in_the_back_of,a,23
in_the_middle_east,and,23
in_the_middle_of,it,23
is_also_one_of,the,23
is_believed_to_be,the,23
is_the_author_of,the,23
it_a_bit_of,a,23
it_a_great_way,to,23
it_had_nothing_to,do,23
it_means_to_be,a,23
it_should_be_noted,that,23
just_for_the_sake,of,23
knew_i_was_going,to,23
know_i_am_going,to,23
list_goes_on_and,on,23
more_to_do_with,the,23
near_the_top_of,the,23
no_doubt_in_my,mind,23
not_the_end_of,the,23
not_think_i_have,ever,23
of_million_or_cents,per,23
on_the_left_side,of,23
one_step_at_a,time,23
out_of_the_first,round,23
over_the_past_five,years,23
paid_cash_for_a,squarefoot,23
percent_of_the_vote,in,23
preheat_oven_to_degrees,f,23
said_i_am_going,to,23
said_in_a_statement,released,23
said_in_an_interview,with,23
sentenced_to_years_in,prison,23
since_the_beginning_of,the,23
so_what_do_you,think,23
some_of_the_things,that,23
that_i_do_not,know,23
that_it_would_be,a,23
that_may_or_may,not,23
the_back_of_the,head,23
the_end_of_this,post,23
the_federal_deposit_insurance,corp,23
the_first_time_this,season,23
the_san_francisco_bay,area,23
the_start_of_the,year,23
the_top_of_the,list,23
the_truth_of_the,matter,23
the_us_food_and,drug,23
then_all_of_a,sudden,23
there_was_no_way,i,23
there_will_be_a,lot,23
they_are_going_to,have,23
this_is_not_the,case,23
to_all_of_you,who,23
to_be_able_to,make,23
to_do_with_the,fact,23
to_five_years_in,prison,23
to_make_sure_that,the,23
to_make_sure_that,we,23
to_spend_some_time,with,23
turn_out_to_be,the,23
wait_to_see_what,you,23
wanted_to_be_able,to,23
we_are_looking_forward,to,23
what_am_i_going,to,23
what_i_was_looking,for,23
what_we_need_to,do,23
when_it_comes_down,to,23
with_percent_of_the,vote,23
with_salt_and_pepper,to,23
you_are_going_to,see,23
you_have_a_chance,to,23
you_may_be_able,to,23
you_will_not_be,disappointed,23
a_big_thank_you,to,22
a_few_days_ago,i,22
a_political_science_professor,at,22
also_a_member_of,the,22
am_looking_forward_to,the,22
and_a_little_bit,of,22
and_let_me_know,what,22
and_you_do_not,have,22
are_not_going_to,have,22
be_interesting_to_see,how,22
billion_or_cents_per,share,22
but_i_did_not,know,22
but_i_thought_i,would,22
by_the_state_department,of,22
by_the_us_department,of,22
came_to_the_conclusion,that,22
cost_damage_attacks_up,to,22
could_not_have_been,more,22
damage_attacks_up_to,enemies,22
did_not_want_to,do,22
do_not_want_to,get,22
do_you_think_you,are,22
down_the_sides_of,the,22
figure_out_how_to,get,22
figure_out_what_to,do,22
for_an_hour_or,so,22
for_lack_of_a,better,22
for_minutes_or_until,the,22
for_no_other_reason,than,22
for_taking_the_time,to,22
from_all_over_the,country,22
from_all_walks_of,life,22
from_am_to_pm,saturday,22
g_fiber_mg_sodium,mg,22
going_on_in_my,life,22
going_to_have_to,get,22
have_had_a_lot,of,22
have_to_admit_that,i,22
home_run_of_the,season,22
i_am_still_working,on,22
i_can_tell_you,is,22
i_could_go_on,and,22
i_could_not_believe,it,22
i_decided_to_take,a,22
i_did_not_get,to,22
i_did_not_know,that,22
i_guess_you_could,say,22
i_had_a_great,time,22
i_had_a_hard,time,22
i_had_never_heard,of,22
i_have_no_desire,to,22
i_have_no_idea,where,22
i_have_to_do,is,22
i_have_to_say,it,22
i_hope_you_all,had,22
i_think_we_need,to,22
i_want_to_be,able,22
i_was_a_kid,i,22
i_was_not_sure,if,22
i_was_the_only,one,22
i_will_do_my,best,22
i_will_just_have,to,22
i_would_love_to,know,22
if_you_are_one,of,22
in_a_large_mixing,bowl,22
in_the_centre_of,the,22
in_the_early_stages,of,22
in_the_hands_of,a,22
in_the_past_few,months,22
in_the_runup_to,the,22
in_the_st_louis,region,22
is_one_of_my,favorites,22
it_could_have_been,a,22
it_hard_to_believe,that,22
it_i_do_not,know,22
it_is_the_first,time,22
it_was_meant_to,be,22
it_would_be_hard,to,22
it_would_be_like,to,22
just_going_to_have,to,22
level_mp_cost_damage,attacks,22
make_a_difference_in,the,22
march_in_the_block,of,22
mp_cost_damage_attacks,up,22
my_husband_and_i,have,22
no_matter_how_many,times,22
no_one_is_going,to,22
not_know_what_it,is,22
of_the_best_in,the,22
on_both_ends_of,the,22
on_the_banks_of,the,22
on_the_other_hand,has,22
on_the_receiving_end,of,22
on_the_rest_of,the,22
or_in_the_case,of,22
other_parts_of_the,country,22
patient_protection_and_affordable,care,22
potter_and_the_deathly,hallows,22
protection_and_affordable_care,act,22
said_he_would_like,to,22
she_is_one_of,the,22
sometimes_you_just_have,to,22
still_trying_to_figure,out,22
th_us_circuit_court,of,22
that_they_were_going,to,22
the_army_corps_of,engineers,22
the_best_way_to,get,22
the_bottom_of_this,post,22
the_ins_and_outs,of,22
the_john_smiths_grand,national,22
the_list_goes_on,and,22
the_new_york_daily,news,22
the_past_couple_of,days,22
the_th_day_of,the,22
the_th_us_circuit,court,22
the_vast_majority_of,the,22
the_wee_hours_of,the,22
there_is_no_question,that,22
there_is_nothing_wrong,with,22
think_it_going_to,be,22
to_be_a_lot,of,22
to_come_to_terms,with,22
to_get_back_in,the,22
to_get_back_on,the,22
to_get_the_word,out,22
to_get_to_the,bottom,22
to_the_fact_that,i,22
to_the_fact_that,the,22
to_those_of_you,who,22
turn_out_to_be,a,22
two_and_a_half,years,22
was_on_the_verge,of,22
was_the_first_time,in,22
we_are_going_to,see,22
we_have_just_got,to,22
what_we_are_going,to,22
when_it_comes_to,my,22
will_continue_to_do,so,22
with_one_out_in,the,22
would_be_one_of,the,22
would_have_been_able,to,22
you_are_not_familiar,with,22
a_big_part_of,the,21
a_hell_of_a,lot,21
a_lot_of_time,and,21
a_margin_of_error,of,21
a_year_veteran_of,the,21
according_to_a_news,release,21
all_i_have_to,say,21
am_not_going_to,be,21
and_chief_executive_of,the,21
and_i_dont_want,to,21
and_i_feel_like,i,21
and_if_you_have,not,21
and_in_the_case,of,21
and_most_of_the,time,21
and_the_fact_that,the,21
and_you_are_going,to,21
are_a_lot_of,people,21
are_in_the_middle,of,21
as_a_result_of,his,21
as_long_as_it,is,21
as_luck_would_have,it,21
as_many_people_as,possible,21
as_soon_as_i,get,21
at_some_point_in,the,21
at_the_center_of,a,21
at_the_time_it,was,21
at_the_university_of,michigan,21
but_i_can_tell,you,21
but_in_the_end,i,21
but_there_are_plenty,of,21
county_jail_in_lieu,of,21
cuyahoga_county_commissioner_jimmy,dimora,21
did_not_return_a,call,21
do_not_be_afraid,to,21
do_not_want_to,say,21
does_not_seem_to,have,21
end_of_the_day,it,21
first_round_of_the,playoffs,21
for_the_past_few,years,21
for_the_rest_of,their,21
for_this_time_of,year,21
from_time_to_time,but,21
go_so_far_as,to,21
has_been_a_lot,of,21
have_a_lot_of,work,21
he_was_a_member,of,21
his_first_start_of,the,21
how_i_met_your,mother,21
how_i_was_going,to,21
i_am_happy_to,report,21
i_am_sure_you,have,21
i_can_not_believe,that,21
i_do_not_agree,with,21
i_do_not_like,it,21
i_felt_like_i,had,21
i_forgive_myself_that,i,21
i_had_no_idea,how,21
i_have_a_couple,of,21
i_have_a_lot,to,21
i_just_want_to,say,21
i_like_the_idea,of,21
i_think_i_need,to,21
i_think_one_of,the,21
i_was_supposed_to,be,21
i_wish_i_could,have,21
i_would_have_liked,to,21
if_you_are_not,familiar,21
im_going_to_have,to,21
in_a_bit_of,a,21
in_a_large_bowl,combine,21
in_a_large_skillet,over,21
in_an_email_to,the,21
in_more_ways_than,one,21
in_new_york_city,and,21
in_the_grand_scheme,of,21
in_the_last_few,months,21
in_the_last_few,weeks,21
in_the_shape_of,a,21
in_the_third_quarter,of,21
in_the_united_states,the,21
in_the_us_and,canada,21
increase_in_the_number,of,21
is_a_big_part,of,21
is_the_latest_in,a,21
it_as_much_as,i,21
it_doesnt_have_to,be,21
it_is_not_going,to,21
know_a_lot_of,people,21
leave_a_comment_on,this,21
little_in_the_way,of,21
long_as_i_can,remember,21
make_the_world_a,better,21
new_jersey_gov_chris,christie,21
not_a_fan_of,the,21
not_be_able_to,get,21
not_have_the_time,to,21
now_i_am_going,to,21
of_plus_or_minus,percentage,21
of_the_things_that,i,21
on_the_other_hand,was,21
on_the_top_of,the,21
one_of_the_highlights,of,21
one_of_the_most,beautiful,21
one_of_the_most,powerful,21
other_parts_of_the,world,21
over_the_next_few,months,21
protein_g_carbohydrate_g,sugar,21
said_she_did_not,know,21
should_not_be_allowed,to,21
something_to_look_forward,to,21
st_charles_for_more,information,21
sugar_g_fiber_mg,sodium,21
sure_to_check_out,the,21
take_a_deep_breath,and,21
tens_of_thousands_of,people,21
thank_you_all_for,your,21
that_has_nothing_to,do,21
that_i_did_not,know,21
that_i_do_not,want,21
that_i_would_not,be,21
that_is_not_to,say,21
that_is_one_of,the,21
that_needs_to_be,done,21
that_was_not_the,case,21
that_we_were_going,to,21
the_best_team_in,the,21
the_blink_of_an,eye,21
the_east_side_of,the,21
the_federal_reserve_bank,of,21
the_first_book_in,the,21
the_first_time_i,saw,21
the_first_two_games,of,21
the_grand_scheme_of,things,21
the_national_institutes_of,health,21
the_past_year_or,so,21
the_patient_protection_and,affordable,21
the_rest_of_the,night,21
the_rest_of_the,story,21
the_rest_of_their,lives,21
the_second_year_in,a,21
the_state_board_of,education,21
the_united_states_and,the,21
the_us_department_of,education,21
the_wars_in_iraq,and,21
the_west_side_of,the,21
there_are_only_a,few,21
there_are_quite_a,few,21
there_has_been_a,lot,21
there_is_no_way,i,21
there_is_so_much,to,21
these_are_some_of,the,21
this_was_one_of,the,21
to_figure_out_what,to,21
to_make_a_difference,in,21
to_meet_the_needs,of,21
to_put_an_end,to,21
to_say_that_i,am,21
was_going_to_be,the,21
we_are_going_to,go,21
we_do_not_know,how,21
we_thought_it_would,be,21
went_on_to_say,that,21
what_was_going_on,in,21
what_we_are_trying,to,21
when_it_came_time,to,21
will_be_on_hand,to,21
will_have_to_wait,until,21
would_like_to_see,a,21
would_love_to_hear,from,21
you_know_who_you,are,21
you_will_not_be,able,21
a_conference_call_with,analysts,20
a_good_friend_of,mine,20
a_good_place_to,start,20
a_gunshot_wound_to,the,20
a_little_at_a,time,20
a_lot_of_it,is,20
a_spokesman_for_the,state,20
about_the_future_of,the,20
according_to_a_press,release,20
am_going_to_try,and,20
am_i_the_only,one,20
and_a_host_of,other,20
and_a_lot_of,people,20
and_be_a_part,of,20
and_i_am_sure,i,20
and_i_did_not,have,20
and_i_did_not,know,20
and_i_thought_it,was,20
and_so_on_and,so,20
and_to_be_honest,i,20
and_turn_it_into,a,20
and_when_it_comes,to,20
anything_to_do_with,the,20
are_we_going_to,do,20
as_in_the_case,of,20
as_long_as_you,have,20
as_you_can_see,from,20
at_the_end_of,may,20
at_the_same_time,there,20
both_sides_of_the,aisle,20
both_sides_of_the,ball,20
but_i_do_have,a,20
but_in_the_end,it,20
but_it_was_not,until,20
but_you_do_not,have,20
but_you_get_the,idea,20
can_be_found_on,the,20
can_not_get_enough,of,20
can_not_seem_to,get,20
caught_passes_for_yards,and,20
center_for_the_performing,arts,20
condition_of_anonymity_because,the,20
despite_the_fact_that,i,20
do_not_even_have,to,20
do_not_have_to,go,20
do_not_know_if,the,20
do_not_know_what,you,20
do_not_think_i,could,20
err_on_the_side,of,20
for_a_couple_of,months,20
for_a_squarefoot_home,with,20
for_at_least_a,year,20
for_his_role_in,the,20
for_me_i_do,not,20
for_the_next_few,days,20
for_the_past_couple,of,20
former_cuyahoga_county_commissioner,jimmy,20
from_the_back_of,the,20
from_time_to_time,i,20
g_sugar_g_fiber,mg,20
get_out_of_the,way,20
get_the_most_out,of,20
going_to_have_to,go,20
have_to_say_that,i,20
have_to_wait_and,see,20
he_is_survived_by,his,20
he_said_in_a,statement,20
he_said_it_was,a,20
i_am_going_to,start,20
i_am_not_quite,sure,20
i_am_not_saying,that,20
i_am_so_thankful,for,20
i_am_sure_there,are,20
i_am_trying_to,be,20
i_am_trying_to,do,20
i_asked_him_if,he,20
i_could_not_wait,to,20
i_do_not_understand,why,20
i_had_a_couple,of,20
i_had_no_idea,that,20
i_have_been_known,to,20
i_have_been_so,busy,20
i_have_come_to,the,20
i_have_to_go,to,20
i_hope_you_all,have,20
i_hope_you_had,a,20
i_must_admit_that,i,20
i_think_i_will,be,20
i_think_it_going,to,20
i_think_it_is,a,20
i_think_we_are,going,20
i_told_him_that,i,20
i_would_love_to,do,20
if_i_do_say,so,20
if_you_dont_want,to,20
if_you_really_want,to,20
in_the_last_three,years,20
in_the_late_th,century,20
in_the_right_place,at,20
is_more_than_just,a,20
is_not_the_time,to,20
is_one_of_the,more,20
is_so_much_more,than,20
it_would_be_difficult,to,20
it_would_be_great,if,20
just_a_few_years,ago,20
just_a_matter_of,time,20
lot_of_people_do,not,20
more_than_a_decade,ago,20
most_of_the_time,it,20
my_favorite_part_of,the,20
no_arrests_have_been,made,20
not_have_the_right,to,20
not_have_to_be,a,20
not_want_to_talk,about,20
of_one_of_the,most,20
on_the_day_disabled,list,20
on_the_floor_of,the,20
on_the_opposite_side,of,20
one_of_the_best,in,20
one_of_the_main,reasons,20
one_of_the_most,difficult,20
one_of_the_things,we,20
one_of_the_world,most,20
percent_from_a_year,ago,20
points_in_the_first,half,20
return_a_call_seeking,comment,20
rose_cents_or_percent,to,20
said_we_have_got,to,20
sent_a_letter_to,the,20
so_if_you_want,to,20
something_to_do_with,it,20
spending_a_lot_of,time,20
taste_with_salt_and,pepper,20
than_the_rest_of,the,20
thank_you_all_so,much,20
that_i_do_not,think,20
that_the_only_way,to,20
that_they_are_going,to,20
the_back_of_my,head,20
the_cabin_in_the,woods,20
the_department_of_health,and,20
the_essex_county_prosecutors,office,20
the_final_day_of,the,20
the_first_six_months,of,20
the_first_time_in,his,20
the_front_page_of,the,20
the_middle_of_the,field,20
the_national_highway_traffic,safety,20
the_next_couple_of,years,20
the_s_and_early,s,20
the_sides_of_the,bowl,20
the_tip_of_the,iceberg,20
the_winner_will_be,announced,20
there_has_to_be,a,20
there_needs_to_be,a,20
there_will_also_be,a,20
those_of_us_who,are,20
through_the_end_of,the,20
to_be_found_in,the,20
to_be_honest_i,am,20
to_move_on_to,the,20
to_reduce_the_number,of,20
to_the_best_of,my,20
to_the_left_of,the,20
to_the_us_department,of,20
to_years_in_prison,for,20
took_me_a_while,to,20
trying_to_keep_up,with,20
university_of_medicine_and,dentistry,20
was_in_the_process,of,20
we_are_trying_to,do,20
we_can_not_wait,to,20
we_do_not_have,any,20
we_need_to_talk,about,20
we_were_going_to,be,20
we_would_be_able,to,20
wee_hours_of_the,morning,20
what_needs_to_be,done,20
what_you_are_looking,for,20
which_is_a_good,thing,20
which_turned_out_to,be,20
will_take_place_from,am,20
you_have_to_be,a,20
you_know_that_i,am,20
you_know_what_i,am,20
a_comment_on_this,post,19
a_few_months_ago,and,19
a_few_years_ago,the,19
a_great_deal_of,time,19
a_great_way_to,get,19
a_short_amount_of,time,19
all_the_way_up,to,19
am_not_a_big,fan,19
and_i_are_going,to,19
and_the_deathly_hallows,part,19
and_there_will_be,a,19
and_this_is_what,i,19
are_a_lot_of,things,19
are_few_and_far,between,19
are_more_likely_to,be,19
are_not_the_only,ones,19
as_well_as_a,few,19
as_well_as_in,the,19
at_the_end_of,our,19
at_the_moment_i,am,19
at_the_university_of,maryland,19
at_the_university_of,oregon,19
be_a_good_time,to,19
be_a_great_way,to,19
because_they_do_not,have,19
but_i_am_not,a,19
but_that_is_not,the,19
but_the_rest_of,the,19
but_the_truth_is,that,19
by_the_fact_that,the,19
carbohydrate_g_sugar_g,fiber,19
cents_or_percent_to,in,19
cents_per_share_in,the,19
click_on_the_link,below,19
ct_square_feet_on,for,19
did_a_good_job,of,19
did_a_great_job,of,19
did_not_want_to,leave,19
do_not_ask_do,not,19
do_not_know_if,he,19
do_not_think_it,a,19
do_not_want_to,give,19
do_not_want_to,have,19
early_in_the_second,half,19
error_of_plus_or,minus,19
first_start_of_the,season,19
for_a_home_assessed,at,19
for_a_while_and,then,19
for_all_intents_and,purposes,19
for_more_information_call,or,19
for_the_faint_of,heart,19
for_the_state_department,of,19
from_point_a_to,point,19
from_the_beginning_of,the,19
from_the_other_side,of,19
g_carbohydrate_g_sugar,g,19
going_to_have_to,do,19
have_been_a_part,of,19
he_did_not_know,what,19
he_said_i_am,not,19
he_told_me_that,he,19
i_am_going_to,give,19
i_am_really_excited,about,19
i_am_so_grateful,for,19
i_am_still_not,sure,19
i_am_supposed_to,be,19
i_decided_to_go,with,19
i_did_not_know,i,19
i_do_not_really,have,19
i_do_say_so,myself,19
i_got_an_email,from,19
i_had_to_make,a,19
i_have_been_meaning,to,19
i_have_been_on,a,19
i_have_no_doubt,that,19
i_knew_i_was,going,19
i_know_i_have,been,19
i_know_what_you,are,19
i_really_do_not,want,19
i_thought_i_would,be,19
i_want_to_tell,you,19
i_wanted_to_make,sure,19
i_wanted_to_take,a,19
i_was_looking_forward,to,19
i_would_be_willing,to,19
i_would_like_to,get,19
if_you_are_willing,to,19
if_you_know_what,i,19
if_youre_looking_for,a,19
in_a_couple_of,years,19
in_case_you_were,wondering,19
in_every_sense_of,the,19
in_order_to_get,the,19
in_some_parts_of,the,19
in_the_back_of,his,19
in_the_blink_of,an,19
in_the_early_hours,of,19
in_the_first_round,and,19
in_the_last_few,days,19
in_the_midst_of,all,19
in_the_past_i,have,19
in_the_past_three,years,19
in_the_second_round,of,19
is_a_great_time,to,19
is_a_perfect_example,of,19
is_an_important_part,of,19
is_considered_one_of,the,19
is_one_of_the,largest,19
is_supposed_to_be,a,19
is_the_only_way,to,19
is_the_result_of,a,19
is_the_way_to,go,19
it_for_the_first,time,19
it_goes_without_saying,that,19
it_has_been_a,long,19
it_is_one_of,my,19
it_one_of_the,most,19
it_turns_out_that,the,19
it_was_a_bit,of,19
its_been_a_while,since,19
just_did_not_want,to,19
just_do_not_want,to,19
knew_it_was_going,to,19
larceny_was_reported_at,pm,19
latest_in_a_series,of,19
led_by_as_many,as,19
lets_take_a_look,at,19
list_of_things_to,do,19
make_the_most_of,it,19
more_information_or_to,register,19
more_than_two_years,ago,19
most_if_not_all,of,19
national_register_of_historic,places,19
not_had_a_chance,to,19
not_to_be_confused,with,19
not_want_to_be,a,19
not_want_to_be,the,19
now_is_not_the,time,19
of_his_points_in,the,19
of_my_favorite_things,to,19
of_the_world_trade,center,19
on_the_back_of,a,19
on_the_back_of,my,19
on_the_condition_of,anonymity,19
on_the_inside_of,the,19
on_the_other_hand,it,19
on_this_side_of,the,19
on_top_of_each,other,19
open_to_the_public,and,19
over_medium_heat_add,the,19
over_the_last_three,years,19
percent_to_the_nasdaq,composite,19
president_and_chief_executive,of,19
remember_the_last_time,i,19
robert_wood_johnson_university,hospital,19
said_he_was_going,to,19
she_said_she_did,not,19
state_of_the_state,address,19
that_at_the_end,of,19
that_one_of_the,reasons,19
the_best_part_is,that,19
the_bottom_half_of,the,19
the_bottom_of_the,pan,19
the_design_custom_paintball,jersey,19
the_executive_director_of,the,19
the_face_of_the,earth,19
the_fact_that_he,was,19
the_first_time_that,i,19
the_most_important_thing,in,19
the_name_of_the,game,19
the_next_couple_of,weeks,19
the_no_team_in,the,19
the_order_of_the,day,19
the_rest_of_the,state,19
the_state_attorney_generals,office,19
the_united_states_and,canada,19
the_university_of_north,carolina,19
the_us_chamber_of,commerce,19
the_way_back_to,the,19
there_is_no_need,for,19
there_will_be_plenty,of,19
they_do_not_need,to,19
those_of_you_who,know,19
to_be_able_to,see,19
to_be_able_to,take,19
to_be_back_in,the,19
to_be_included_in,the,19
to_get_rid_of,them,19
to_have_a_good,time,19
to_take_part_in,the,19
truth_of_the_matter,is,19
trying_to_figure_out,the,19
us_army_corps_of,engineers,19
was_not_the_only,one,19
was_the_last_time,you,19
we_would_love_to,see,19
what_i_am_trying,to,19
what_i_need_to,do,19
what_it_used_to,be,19
what_turned_out_to,be,19
what_we_have_to,do,19
what_you_have_to,do,19
when_i_was_younger,i,19
will_be_held_at,pm,19
will_get_a_chance,to,19
will_not_be_the,last,19
would_like_to_have,a,19
would_like_to_think,that,19
would_love_it_if,you,19
would_never_be_able,to,19
year_and_a_half,ago,19
years_in_prison_if,convicted,19
years_old_at_the,time,19
yes_you_read_that,right,19
yield_on_the_year,treasury,19
you_all_so_much,for,19
you_are_in_for,a,19
you_are_one_of,the,19
you_do_not_even,have,19
you_do_not_know,how,19
you_do_not_need,a,19
you_might_be_able,to,19
you_want_to_be,a,19
a_closer_look_at,the,18
a_far_cry_from,the,18
a_few_days_after,the,18
a_friend_of_a,friend,18
a_friend_of_mine,who,18
a_little_bit_of,the,18
a_long_time_since,i,18
a_lot_of_time,on,18
a_while_since_i,have,18
according_to_a_report,by,18
according_to_a_statement,from,18
according_to_people_familiar,with,18
add_salt_and_pepper,to,18
all_i_want_to,do,18
all_over_the_world,and,18
all_you_need_to,know,18
am_in_the_process,of,18
am_not_sure_if,it,18
and_i_am_happy,to,18
and_i_am_pretty,sure,18
and_i_am_so,glad,18
and_i_am_trying,to,18
and_i_went_to,the,18
and_one_of_the,best,18
and_season_with_salt,and,18
and_the_fact_that,i,18
and_then_there_is,the,18
and_there_are_plenty,of,18
and_we_will_continue,to,18
are_rounded_to_the,nearest,18
are_some_of_the,most,18
as_i_would_have,liked,18
as_soon_as_i,saw,18
at_one_time_or,another,18
at_the_foot_of,the,18
at_the_head_of,the,18
at_the_request_of,the,18
at_the_university_of,north,18
at_this_point_in,the,18
bake_for_to_minutes,or,18
be_able_to_go,to,18
because_i_do_not,think,18
been_doing_a_lot,of,18
but_i_am_pretty,sure,18
but_i_dont_want,to,18
can_not_help_but,think,18
can_not_wait_for,the,18
court_of_appeals_for,the,18
did_not_return_phone,calls,18
director_of_the_new,jersey,18
do_not_even_know,what,18
do_not_forget_to,check,18
do_not_have_to,have,18
do_not_think_they,are,18
do_not_want_to,hear,18
do_with_the_fact,that,18
dont_know_about_you,but,18
end_of_the_day,we,18
every_sense_of_the,word,18
for_more_information_about,the,18
for_more_than_years,and,18
for_the_duration_of,the,18
for_the_end_of,the,18
for_the_good_of,the,18
for_the_second_year,in,18
for_yards_and_a,touchdown,18
former_president_george_w,bush,18
free_game_online_paintball,play,18
from_am_to_pm,and,18
from_the_bottom_of,my,18
from_the_bottom_of,the,18
from_the_s_and,s,18
from_to_pm_at,the,18
game_for_the_first,time,18
get_me_wrong_i,love,18
going_to_be_a,long,18
going_to_be_in,the,18
got_out_of_the,car,18
hall_of_fame_and,museum,18
has_been_a_long,time,18
has_to_be_one,of,18
have_accepted_and_allowed,myself,18
have_been_trying_to,get,18
have_come_to_the,conclusion,18
have_it_any_other,way,18
he_does_not_have,the,18
he_was_not_aware,of,18
he_would_be_able,to,18
here_are_a_few,things,18
how_we_are_going,to,18
i_am_sure_we,will,18
i_am_sure_you,will,18
i_can_not_remember,the,18
i_cant_wait_to,see,18
i_did_a_lot,of,18
i_do_not_believe,in,18
i_do_not_have,much,18
i_dont_know_about,you,18
i_have_accepted_and,allowed,18
i_have_been_doing,a,18
i_have_come_up,with,18
i_hope_you_have,a,18
i_just_do_not,want,18
i_know_i_need,to,18
i_know_that_i,will,18
i_look_forward_to,seeing,18
i_on_the_other,hand,18
i_think_i_may,have,18
i_thought_i_would,give,18
i_want_to_be,the,18
i_wanted_to_make,a,18
i_wanted_to_share,a,18
i_wanted_to_share,with,18
i_was_looking_for,a,18
i_will_get_back,to,18
i_will_give_you,a,18
i_wish_i_could,say,18
i_wish_i_had,a,18
i_would_like_to,know,18
i_would_love_to,be,18
if_you_do_not,get,18
if_you_have_never,been,18
in_a_couple_of,days,18
in_a_statement_that,it,18
in_item_b_projected,above,18
in_jesus_christ_name,amen,18
in_much_the_same,way,18
in_the_corner_of,the,18
in_the_course_of,the,18
in_the_end_it,was,18
in_the_first_place,i,18
in_the_house_of,representatives,18
in_the_next_few,months,18
in_the_third_quarter,and,18
in_the_united_states,is,18
in_the_united_states,that,18
in_the_way_of,the,18
is_not_a_bad,thing,18
is_not_going_to,get,18
it_been_a_long,time,18
it_did_not_work,out,18
it_does_not_seem,to,18
just_the_right_amount,of,18
know_what_i_am,talking,18
little_more_than_a,year,18
moving_in_the_right,direction,18
national_oceanic_and_atmospheric,administration,18
needs_to_be_done,to,18
not_going_to_be,the,18
not_know_what_to,expect,18
not_the_least_of,which,18
not_the_other_way,around,18
of_passes_for_yards,and,18
of_you_who_do,not,18
off_to_a_great,start,18
on_the_face_of,it,18
on_the_front_of,the,18
or_any_of_the,other,18
or_cents_per_share,in,18
or_percent_to_the,nasdaq,18
out_of_his_way,to,18
out_of_the_corner,of,18
over_the_last_five,years,18
over_the_next_three,years,18
over_the_past_few,days,18
over_the_past_four,years,18
pacific_gas_and_electric,co,18
percent_in_the_first,quarter,18
point_a_to_point,b,18
real_housewives_of_new,jersey,18
really_do_not_know,what,18
roll_hall_of_fame,and,18
round_of_the_nfl,draft,18
rounded_to_the_nearest,whole,18
said_i_do_not,want,18
said_in_a_recent,interview,18
said_in_an_email,that,18
shot_percent_from_the,field,18
since_i_was_a,kid,18
something_to_be_said,for,18
thank_you_for_stopping,by,18
thank_you_to_all,of,18
thanks_for_stopping_by,and,18
thanks_so_much_for,stopping,18
that_can_be_used,to,18
that_is_not_the,case,18
that_it_was_going,to,18
the_best_thing_to,do,18
the_california_public_utilities,commission,18
the_end_of_a,long,18
the_fact_that_i,was,18
the_free_game_online,paintball,18
the_latest_in_a,series,18
the_metropolitan_museum_of,art,18
the_name_of_the,lord,18
the_national_register_of,historic,18
the_nearest_whole_number,calories,18
the_no_seed_in,the,18
the_occupy_wall_street,movement,18
the_rest_of_her,life,18
the_rest_of_the,game,18
the_rest_of_the,team,18
the_same_period_a,year,18
the_scene_of_an,accident,18
the_university_of_medicine,and,18
the_us_army_corps,of,18
the_way_i_see,it,18
there_is_so_much,more,18
these_are_just_a,few,18
they_are_going_to,do,18
think_it_would_be,a,18
think_they_are_going,to,18
this_have_to_do,with,18
this_is_the_second,time,18
this_would_be_a,good,18
those_of_you_who,do,18
to_do_whatever_it,takes,18
to_do_with_my,life,18
to_fall_in_love,with,18
to_go_back_to,work,18
to_have_a_lot,of,18
to_people_familiar_with,the,18
to_raise_money_for,the,18
to_share_it_with,you,18
to_share_with_you,today,18
to_spend_a_lot,of,18
to_the_nearest_whole,number,18
values_are_rounded_to,the,18
want_to_be_part,of,18
wanted_to_let_you,know,18
was_not_the_first,time,18
was_shot_in_the,head,18
was_the_result_of,a,18
we_are_going_to,make,18
what_it_feels_like,to,18
what_was_supposed_to,be,18
what_you_need_to,do,18
when_i_got_home,i,18
when_i_was_in,high,18
where_i_want_to,be,18
will_never_be_the,same,18
will_take_place_from,pm,18
would_love_to_hear,your,18
would_not_be_surprised,if,18
would_not_comment_on,the,18
years_to_life_in,prison,18
you_know_what_you,are,18
you_will_have_to,wait,18
you_will_not_have,to,18
a_huge_thank_you,to,17
a_little_bit_of,everything,17
a_long_period_of,time,17
a_look_at_some,of,17
a_lot_of_money,for,17
a_week_and_a,half,17
according_to_a_report,released,17
according_to_a_study,by,17
all_is_said_and,done,17
all_the_way_back,to,17
all_you_need_is,a,17
an_earlier_version_of,this,17
and_a_whole_lot,of,17
and_i_do_not,like,17
and_if_you_want,to,17
and_the_fact_that,it,17
and_to_be_able,to,17
as_much_as_the,next,17
at_a_news_conference,in,17
at_am_april_in,the,17
at_an_annual_rate,of,17
at_the_same_time,she,17
at_the_side_of,the,17
at_the_top_of,a,17
at_the_university_of,chicago,17
at_the_university_of,colorado,17
be_able_to_do,that,17
be_sure_to_stop,by,17
but_for_some_reason,i,17
but_i_think_i,will,17
but_i_will_not,be,17
but_if_you_have,a,17
but_there_are_a,lot,17
but_you_know_what,i,17
come_up_with_a,plan,17
cool_on_a_wire,rack,17
couple_of_years_ago,i,17
cuyahoga_county_common_pleas,court,17
did_not_immediately_return,a,17
did_not_think_i,would,17
do_everything_we_can,to,17
do_not_even_want,to,17
do_not_have_the,right,17
do_not_know_how,much,17
do_not_know_if,that,17
do_not_know_if,you,17
do_not_know_why,it,17
do_not_think_it,was,17
do_not_think_we,are,17
do_not_you_just,love,17
eggs_one_at_a,time,17
end_of_the_day,the,17
english_as_a_second,language,17
every_now_and_then,i,17
far_as_i_can,tell,17
find_a_way_to,get,17
following_in_the_footsteps,of,17
for_a_couple_of,minutes,17
for_a_long_time,it,17
for_a_long_time,now,17
for_the_most_part,it,17
for_the_rest_of,your,17
for_the_second_straight,year,17
former_massachusetts_gov_mitt,romney,17
from_one_end_of,the,17
get_a_kick_out,of,17
get_to_know_each,other,17
going_to_be_one,of,17
had_a_great_time,and,17
had_no_idea_what,i,17
had_no_idea_what,to,17
have_a_look_at,the,17
have_done_a_lot,of,17
have_to_figure_out,how,17
have_to_get_used,to,17
have_to_say_i,am,17
have_to_wait_for,the,17
he_has_a_lot,of,17
home_with_pool_built,in,17
hope_to_be_able,to,17
house_speaker_william_g,batchelder,17
how_are_we_going,to,17
how_i_am_going,to,17
i_am_also_going,to,17
i_am_going_to,put,17
i_am_going_to,use,17
i_am_in_the,process,17
i_am_not_sure,where,17
i_am_pretty_sure,it,17
i_am_so_excited,about,17
i_am_talking_about,the,17
i_am_trying_to,figure,17
i_am_trying_to,make,17
i_could_come_up,with,17
i_could_not_be,happier,17
i_decided_it_was,time,17
i_did_not_even,have,17
i_did_not_get,a,17
i_did_not_like,the,17
i_do_not_have,anything,17
i_do_not_see,any,17
i_do_not_think,any,17
i_dont_know_how,to,17
i_feel_the_need,to,17
i_grew_up_in,a,17
i_have_been_having,a,17
i_have_been_in,a,17
i_have_not_had,any,17
i_know_i_know,i,17
i_know_some_of,you,17
i_like_to_think,of,17
i_love_being_able,to,17
i_realized_that_i,had,17
i_really_do_not,think,17
i_want_to_know,what,17
i_was_able_to,do,17
i_was_going_to,make,17
i_was_one_of,the,17
i_will_tell_you,what,17
i_would_give_it,a,17
i_would_love_to,get,17
if_i_did_not,have,17
if_you_are_a,fan,17
if_you_can_not,find,17
if_you_do_not,already,17
if_you_think_about,it,17
in_a_long_line,of,17
in_a_long_time,i,17
in_a_note_to,clients,17
in_at_the_age,of,17
in_order_to_get,a,17
in_the_block_of,east,17
in_the_direction_of,the,17
in_the_eye_of,the,17
in_the_head_with,a,17
in_the_land_of,the,17
in_the_last_two,weeks,17
in_the_middle_of,an,17
in_the_past_few,weeks,17
in_the_same_period,last,17
in_the_san_francisco,bay,17
in_the_words_of,the,17
index_fell_or_percent,to,17
index_rose_or_percent,to,17
information_per_serving_values,are,17
is_an_integral_part,of,17
is_expected_to_be,a,17
is_just_around_the,corner,17
is_just_one_of,the,17
is_nothing_more_than,a,17
is_that_there_is,a,17
is_that_there_is,no,17
is_what_i_came,up,17
it_comes_down_to,it,17
it_has_something_to,do,17
it_is_a_matter,of,17
it_is_not_uncommon,for,17
it_one_of_those,things,17
it_seems_to_be,a,17
it_was_a_good,idea,17
it_was_great_to,see,17
it_was_the_kind,of,17
its_a_great_way,to,17
just_do_not_have,the,17
keep_an_eye_on,the,17
knew_we_were_going,to,17
knew_what_was_going,on,17
latest_in_a_string,of,17
like_the_rest_of,the,17
looked_at_me_and,said,17
majority_leader_harry_reid,dnev,17
means_a_lot_to,me,17
medicine_and_dentistry_of,new,17
more_along_the_lines,of,17
more_than_a_quarter,of,17
more_than_a_third,of,17
much_as_i_would,like,17
nearest_whole_number_calories,calories,17
needless_to_say_i,was,17
no_longer_be_able,to,17
not_know_what_to,say,17
not_want_to_do,it,17
not_want_to_go,to,17
now_i_do_not,know,17
number_calories_calories_from,fat,17
nutrition_information_per_serving,values,17
of_health_and_senior,services,17
of_medicine_and_dentistry,of,17
of_the_house_of,representatives,17
of_the_most_important,things,17
of_the_united_states,of,17
oil_in_a_large,skillet,17
on_the_final_day,of,17
on_the_north_side,of,17
on_the_year_treasury,note,17
one_of_the_most,influential,17
one_of_those_things,where,17
out_what_to_do,with,17
over_the_last_several,years,17
over_the_past_several,years,17
per_serving_values_are,rounded,17
played_a_key_role,in,17
president_and_chief_operating,officer,17
reported_in_the_block,of,17
said_in_a_press,release,17
sentenced_to_life_in,prison,17
serving_calories_g_fat,g,17
serving_values_are_rounded,to,17
so_i_decided_to,go,17
spends_a_lot_of,time,17
squarefoot_home_with_pool,built,17
state_of_the_union,address,17
tell_me_what_you,think,17
tell_you_how_many,times,17
that_i_did_not,have,17
that_is_not_going,to,17
that_is_part_of,the,17
that_one_of_the,things,17
that_there_will_be,a,17
the_back_of_the,net,17
the_best_in_the,world,17
the_end_of_the,third,17
the_first_quarter_of,the,17
the_first_time_i,was,17
the_last_time_i,saw,17
the_latest_in_a,string,17
the_love_of_my,life,17
the_most_important_part,of,17
the_national_association_of,realtors,17
the_new_york_times,and,17
the_no_pick_in,the,17
the_red_hot_chili,peppers,17
the_rest_of_the,ingredients,17
the_rest_of_the,series,17
the_rest_of_the,time,17
the_south_side_of,the,17
the_start_of_a,new,17
the_us_house_of,representatives,17
there_are_all_kinds,of,17
there_been_a_lot,of,17
there_is_a_difference,between,17
there_was_no_need,to,17
they_did_a_great,job,17
they_did_not_have,the,17
think_a_lot_of,people,17
thought_i_would_share,a,17
thought_it_was_going,to,17
to_add_insult_to,injury,17
to_be_a_lot,more,17
to_be_able_to,have,17
to_be_in_the,same,17
to_become_one_of,the,17
to_come_out_of,the,17
to_get_a_lot,of,17
to_get_out_there,and,17
to_make_it_clear,that,17
to_stay_out_of,the,17
to_the_point_where,he,17
to_the_point_where,it,17
to_the_right_of,the,17
to_the_us_supreme,court,17
to_think_of_it,as,17
to_years_in_prison,if,17
up_in_the_morning,and,17
us_centers_for_disease,control,17
vice_president_and_general,manager,17
wake_up_in_the,morning,17
was_arrested_and_charged,with,17
was_reported_in_the,block,17
was_the_right_thing,to,17
we_are_going_to,keep,17
we_did_not_have,to,17
we_do_not_know,if,17
we_have_got_to,get,17
we_were_able_to,get,17
we_were_on_our,way,17
what_can_i_say,i,17
what_do_you_do,when,17
what_i_was_going,to,17
what_i_would_like,to,17
what_to_do_with,it,17
what_was_going_on,and,17
which_is_part_of,the,17
whole_number_calories_calories,from,17
will_be_the_first,to,17
with_left_in_the,third,17
with_salt_and_pepper,and,17
with_the_securities_and,exchange,17
would_like_to_see,more,17
would_you_like_to,see,17
year_for_the_first,time,17
you_can_not_help,but,17
you_can_read_more,about,17
you_have_to_be,able,17
you_want_it_to,be,17
a_conference_call_with,reporters,16
a_few_miles_from,the,16
a_few_weeks_ago,the,16
a_few_years_ago,when,16
a_founding_member_of,the,16
a_heck_of_a,lot,16
a_little_bit_of,time,16
a_long_time_and,i,16
a_lot_of_fun,to,16
a_lot_of_things,i,16
a_smile_on_his,face,16
a_way_to_make,it,16
about_the_history_of,the,16
all_in_the_name,of,16
all_you_can_do,is,16
always_on_the_lookout,for,16
am_looking_forward_to,seeing,16
and_dentistry_of_new,jersey,16
and_i_know_that,i,16
and_i_think_that,is,16
and_i_thought_it,would,16
and_i_was_going,to,16
and_it_will_be,a,16
and_more_often_than,not,16
and_the_best_part,is,16
and_then_there_are,the,16
and_will_continue_to,be,16
anyone_with_information_on,the,16
are_going_to_get,a,16
are_in_the_midst,of,16
are_just_some_of,the,16
are_one_of_the,most,16
arrested_in_the_block,of,16
as_a_result_of,a,16
as_a_result_of,this,16
as_much_as_i,could,16
as_one_of_the,top,16
as_part_of_the,deal,16
at_a_news_conference,at,16
at_the_end_of,march,16
at_the_end_of,their,16
at_the_entrance_to,the,16
at_the_nfl_scouting,combine,16
at_the_same_time,but,16
at_the_scene_of,the,16
at_the_start_of,a,16
at_the_top_of,their,16
at_the_top_of,this,16
at_the_turn_of,the,16
at_the_university_of,texas,16
at_the_university_of,washington,16
at_the_very_least,the,16
at_this_point_i,am,16
back_into_the_swing,of,16
because_he_was_not,authorized,16
because_there_are_so,many,16
been_in_and_out,of,16
been_in_the_works,for,16
before_i_knew_it,i,16
between_the_united_states,and,16
both_on_and_off,the,16
bring_to_a_boil,and,16
but_by_the_end,of,16
but_i_did_not,have,16
but_there_are_so,many,16
by_as_many_as,points,16
by_the_time_he,was,16
can_be_used_as,a,16
center_for_the_study,of,16
cents_per_share_a,year,16
couple_of_years_ago,and,16
day_in_the_life,of,16
department_of_health_and,senior,16
did_not_seem_to,be,16
do_not_have_access,to,16
do_not_know_how,it,16
do_not_know_what,is,16
do_not_really_know,what,16
do_not_seem_to,be,16
do_not_think_this,is,16
do_not_want_to,take,16
doubt_in_my_mind,that,16
end_of_the_year,the,16
endangering_the_welfare_of,a,16
enough_to_be_able,to,16
even_in_the_face,of,16
every_day_of_the,week,16
fell_cents_or_percent,to,16
for_most_of_my,life,16
for_the_last_several,years,16
for_the_last_three,years,16
for_the_next_two,years,16
for_the_past_few,months,16
for_the_past_five,years,16
for_the_rest_of,her,16
for_yards_and_three,touchdowns,16
fukushima_daiichi_nuclear_power,plant,16
g_protein_g_carbohydrates,g,16
get_to_the_point,where,16
going_to_be_on,the,16
has_anything_to_do,with,16
has_turned_out_to,be,16
have_a_little_bit,of,16
have_been_one_of,the,16
have_no_idea_how,to,16
have_to_find_a,way,16
have_to_take_care,of,16
he_faces_up_to,years,16
he_said_it_was,not,16
he_was_going_to,be,16
he_was_not_authorized,to,16
here_is_a_list,of,16
i_am_going_to,tell,16
i_am_not_in,the,16
i_am_so_excited,for,16
i_am_so_excited,i,16
i_am_sorry_but,i,16
i_am_very_excited,about,16
i_am_working_on,a,16
i_came_up_with,a,16
i_could_not_think,of,16
i_did_not_have,time,16
i_did_not_know,it,16
i_do_not_have,an,16
i_do_not_know,when,16
i_do_not_see,how,16
i_dont_want_to,get,16
i_get_a_lot,of,16
i_have_a_friend,who,16
i_have_decided_that,i,16
i_have_got_to,get,16
i_have_had_a,few,16
i_have_no_idea,if,16
i_have_said_it,before,16
i_have_to_be,honest,16
i_havent_been_able,to,16
i_hope_to_see,you,16
i_hope_you_are,all,16
i_hope_you_have,enjoyed,16
i_know_i_have,a,16
i_received_an_email,from,16
i_think_this_is,the,16
i_think_we_have,a,16
i_thought_i_was,going,16
i_told_her_that,i,16
i_told_him_i,was,16
i_was_a_little,girl,16
i_was_fortunate_enough,to,16
i_was_so_happy,to,16
i_will_keep_you,posted,16
i_will_not_go,into,16
i_would_like_to,enter,16
i_would_like_to,give,16
i_would_like_to,have,16
i_would_love_it,if,16
if_i_do_not,get,16
if_they_are_going,to,16
if_you_are_looking,to,16
if_you_have_got,a,16
if_you_want_to,read,16
im_not_a_fan,of,16
in_a_couple_of,months,16
in_a_loss_to,the,16
in_a_short_period,of,16
in_a_way_that,makes,16
in_more_than_a,decade,16
in_the_best_interests,of,16
in_the_early_days,of,16
in_the_front_of,the,16
in_the_life_of,a,16
in_the_middle_of,nowhere,16
in_the_past_two,weeks,16
in_the_united_states,but,16
in_the_wee_hours,of,16
in_the_year_history,of,16
including_but_not_limited,to,16
information_is_asked_to,call,16
is_a_good_way,to,16
is_becoming_more_and,more,16
is_going_to_be,an,16
is_it_just_me,or,16
is_not_part_of,the,16
is_one_of_the,main,16
is_the_fact_that,the,16
is_the_most_important,thing,16
is_the_only_thing,that,16
is_the_right_thing,to,16
it_can_be_hard,to,16
it_dawned_on_me,that,16
it_does_not_have,the,16
it_does_not_matter,how,16
it_is_important_to,be,16
it_used_to_be,a,16
it_was_so_nice,to,16
it_was_time_for,a,16
it_was_too_late,to,16
it_will_be_nice,to,16
it_will_be_the,first,16
it_will_not_be,long,16
its_just_a_matter,of,16
jail_in_lieu_of,bail,16
john_smiths_grand_national,record,16
just_can_not_seem,to,16
just_the_tip_of,the,16
know_what_they_are,doing,16
last_year_according_to,the,16
less_than_percent_of,the,16
margin_of_error_of,plus,16
more_than_a_handful,of,16
my_husband_and_i,were,16
nice_to_be_able,to,16
not_be_able_to,do,16
not_for_the_faint,of,16
not_have_the_money,to,16
not_want_to_deal,with,16
of_error_of_plus,or,16
of_its_kind_in,the,16
of_million_or_cents,a,16
of_the_fact_that,i,16
of_the_national_association,of,16
of_the_people_in,the,16
of_the_things_i,have,16
of_what_it_means,to,16
of_what_was_going,on,16
on_a_daily_basis,and,16
on_the_bottom_of,the,16
on_the_edge_of,town,16
on_the_national_register,of,16
on_the_new_jersey,turnpike,16
on_the_roof_of,the,16
on_the_site_of,the,16
on_the_way_back,to,16
once_in_a_while,i,16
one_man_and_one,woman,16
one_of_a_handful,of,16
one_of_the_few,people,16
open_at_least_a,year,16
people_who_do_not,have,16
per_share_on_revenue,of,16
right_in_front_of,the,16
runs_in_the_bottom,of,16
said_he_did_not,want,16
said_in_a_conference,call,16
share_on_revenue_of,billion,16
she_said_i_do,not,16
should_not_be_able,to,16
so_far_as_to,say,16
so_i_thought_it,would,16
st_square_feet_on,for,16
still_have_a_lot,of,16
sunny_with_a_high,near,16
take_a_closer_look,at,16
tells_the_story_of,a,16
thanks_to_all_of,you,16
that_has_to_do,with,16
that_he_did_not,know,16
that_i_have_accepted,and,16
that_i_have_not,been,16
that_i_would_love,to,16
that_it_does_not,matter,16
that_it_will_not,be,16
that_this_is_not,a,16
the_back_of_the,house,16
the_bottom_of_my,heart,16
the_cause_of_the,fire,16
the_city_of_new,york,16
the_days_leading_up,to,16
the_department_of_human,services,16
the_end_of_his,life,16
the_end_of_the,line,16
the_fact_that_they,have,16
the_far_side_of,the,16
the_heart_of_the,city,16
the_inside_of_the,card,16
the_lord_of_the,rings,16
the_massachusetts_institute_of,technology,16
the_men_and_women,who,16
the_national_oceanic_and,atmospheric,16
the_new_york_mercantile,exchange,16
the_new_york_times,reported,16
the_next_couple_of,months,16
the_next_step_is,to,16
the_next_week_or,so,16
the_other_day_when,i,16
the_pirates_band_of,misfits,16
the_pros_and_cons,of,16
the_rest_of_the,nation,16
the_s_and_s,and,16
the_time_has_come,to,16
the_title_of_this,post,16
the_united_states_and,its,16
the_united_states_in,the,16
the_us_court_of,appeals,16
the_weeks_leading_up,to,16
there_are_many_ways,to,16
there_is_a_good,chance,16
there_is_going_to,be,16
there_is_not_a,lot,16
they_are_more_likely,to,16
this_is_a_good,thing,16
this_is_a_great,way,16
this_is_an_example,of,16
this_is_the_time,to,16
this_is_what_happens,when,16
this_week_i_have,been,16
to_a_report_in,the,16
to_be_a_bit,more,16
to_be_able_to,be,16
to_be_eligible_for,the,16
to_get_back_to,work,16
to_get_out_of,bed,16
to_give_it_a,go,16
